Title Name,Genres,Rating,Duration,Aired,Metascore,IMDb,MyRate
Унесённые призраками,"['Anime', 'Adventure', 'Family', 'Fantasy', 'Mystery']",12+,125,31 December 2002,96.0,8.6,
Король лев 1,"['Adventure', 'Drama', 'Family', 'Musical']",0+,88,20 January 1995,88.0,8.5,
Могила светлячков,"['Anime', 'Drama', 'War']",,89,16 April 1988,94.0,8.5,
Твое имя,"['Anime', 'Drama', 'Fantasy', 'Romance']",12+,106,7 September 2017,79.0,8.4,
Человек-паук: Через Вселенные,"['Action', 'Adventure', 'Family', 'Sci-Fi']",6+,117,13 December 2018,87.0,8.4,
Тайна Коко,"['Adventure', 'Family', 'Fantasy', 'Music', 'Mystery']",12+,105,23 November 2017,81.0,8.4,
ВАЛЛ-И,"['Adventure', 'Family', 'Sci-Fi']",0+,98,3 July 2008,95.0,8.4,
Принцесса Мононоке,"['Anime', 'Adventure', 'Fantasy']",12+,134,24 June 2010,76.0,8.4,
История игрушек 3,"['Adventure', 'Comedy', 'Family', 'Fantasy']",0+,103,17 June 2010,92.0,8.3,
История игрушек,"['Adventure', 'Comedy', 'Family', 'Fantasy']",6+,81,22 December 1995,95.0,8.3,
Форма голоса,"['Anime', 'Drama', 'Family', 'Romance']",12+,130,17 September 2016,78.0,8.2,
Клаус,"['Adventure', 'Comedy', 'Family']",PG,96,15 November 2019,65.0,8.2,
Вверх,"['Adventure', 'Comedy', 'Family']",0+,96,28 May 2009,88.0,8.2,
Ходячий замок,"['Anime', 'Adventure', 'Family', 'Fantasy']",12+,119,27 August 2005,80.0,8.2,
Мой сосед Тоторо,"['Anime', 'Family', 'Fantasy']",0+,86,16 April 1988,86.0,8.2,
Волчьи дети Амэ и Юки,"['Anime', 'Drama', 'Family', 'Fantasy']",12+,117,21 July 2012,71.0,8.1,
Головоломка,"['Adventure', 'Comedy', 'Drama', 'Family', 'Fantasy']",6+,95,18 June 2015,94.0,8.1,
Песнь моря,"['Adventure', 'Drama', 'Family', 'Fantasy']",PG,93,27 August 2015,85.0,8.1,
Мэри и Макс,"['Comedy', 'Drama', 'Family']",,92,3 December 2009,,8.1,
Как приручить дракона,"['Action', 'Adventure', 'Family', 'Fantasy']",6+,98,18 March 2010,75.0,8.1,
В поисках Немо,"['Adventure', 'Comedy', 'Family']",0+,100,25 December 2003,90.0,8.1,
Конец Евангелиона,"['Anime', 'Action', 'Drama', 'Fantasy', 'Sci-Fi']",18+,87,2005,,8.1,
Навсикая из Долины ветров,"['Anime', 'Adventure', 'Fantasy', 'Sci-Fi']",12+,117,11 March 1984,86.0,8.1,
Зверополис,"['Adventure', 'Comedy', 'Crime', 'Family', 'Mystery']",6+,108,3 March 2016,78.0,8.0,
Сказание о принцессе Кагуя,"['Anime', 'Adventure', 'Drama', 'Family', 'Fantasy']",6+,137,23 November 2013,89.0,8.0,
Персеполис,"['Biography', 'Drama', 'Family', 'History', 'War']",PG-13,96,27 June 2007,90.0,8.0,
Рататуй,"['Adventure', 'Comedy', 'Family', 'Fantasy']",0+,111,28 June 2007,96.0,8.0,
Суперсемейка,"['Action', 'Adventure', 'Family']",12+,115,23 December 2004,90.0,8.0,
Корпорация монстров,"['Adventure', 'Comedy', 'Family', 'Fantasy']",6+,92,22 March 2002,79.0,8.0,
Истинная грусть,"['Anime', 'Crime', 'Mystery', 'Thriller']",R,81,28 February 1998,,8.0,
Стальной гигант,"['Action', 'Adventure', 'Comedy', 'Drama', 'Family', 'Sci-Fi']",0+,86,6 August 1999,85.0,8.0,
Призрак в доспехах,"['Anime', 'Action', 'Crime', 'Drama', 'Mystery', 'Sci-Fi', 'Thriller']",,83,18 November 1995,76.0,8.0,
Кошмар перед Рождеством,"['Family', 'Fantasy', 'Musical']",12+,76,9 November 1995,82.0,8.0,
Аладдин,"['Adventure', 'Comedy', 'Family', 'Fantasy', 'Musical', 'Romance']",,90,2 April 1994,86.0,8.0,
Красавица и чудовище,"['Family', 'Fantasy', 'Musical', 'Romance']",6+,84,10 July 1993,95.0,8.0,
Акира,"['Anime', 'Drama', 'Sci-Fi', 'Thriller']",R,124,16 July 1988,,8.0,
Небесный замок Лапута,"['Anime', 'Adventure', 'Drama', 'Family', 'Fantasy', 'Sci-Fi']",12+,125,2 August 1986,78.0,8.0,
Остров собак,"['Anime', 'Adventure', 'Comedy', 'Drama', 'Fantasy', 'Sci-Fi']",12+,101,3 May 2018,82.0,7.9,
Бесподобный мистер Фокс,"['Adventure', 'Comedy', 'Crime', 'Drama', 'Family']",12+,87,23 October 2009,83.0,7.9,
Ковбой Бибоп,"['Anime', 'Action', 'Crime', 'Drama', 'Sci-Fi', 'Thriller']",,115,1 September 2001,61.0,7.9,
История игрушек 2,"['Adventure', 'Comedy', 'Family', 'Fantasy']",6+,92,2 December 1999,88.0,7.9,
Шёпот сердца,"['Anime', 'Drama', 'Family', 'Music', 'Romance']",,111,15 July 1995,75.0,7.9,
Манускрипт ниндзя,"['Anime', 'Action', 'Adventure', 'Fantasy', 'Thriller']",,94,5 June 1993,,7.9,
Кубо. Легенда о самурае,"['Action', 'Adventure', 'Family', 'Fantasy']",6+,101,20 October 2016,84.0,7.8,
"Ван Гог. С любовью, Винсент","['Biography', 'Crime', 'Drama', 'Family', 'Mystery']",PG-13,94,22 September 2017,62.0,7.8,
Город героев,"['Action', 'Adventure', 'Family', 'Sci-Fi']",6+,102,25 October 2014,74.0,7.8,
Ветер крепчает,"['Anime', 'Biography', 'Drama', 'History', 'Romance', 'War']",12+,126,20 February 2014,83.0,7.8,
История игрушек 4,"['Adventure', 'Comedy', 'Family', 'Fantasy']",6+,100,20 June 2019,84.0,7.8,
Как приручить дракона 2,"['Action', 'Adventure', 'Family', 'Fantasy']",0+,102,12 June 2014,76.0,7.8,
"Девочка, покорившая время","['Anime', 'Adventure', 'Comedy', 'Drama', 'Family', 'Mystery', 'Romance', 'Sci-Fi']",,98,15 July 2006,,7.8,
Однажды в Токио,"['Anime', 'Adventure', 'Comedy', 'Drama']",16+,93,8 November 2003,73.0,7.8,
Трио из Бельвилля,"['Comedy', 'Drama']",12+,80,6 November 2003,91.0,7.8,
Пробуждение жизни,"['Drama', 'Fantasy']",16+,99,7 March 2002,82.0,7.8,
Шрек,"['Adventure', 'Comedy', 'Family', 'Fantasy']",6+,90,31 October 2001,84.0,7.8,
Бэтмэн: Маска фантазма,"['Action', 'Crime', 'Drama', 'Mystery', 'Sci-Fi', 'Thriller']",PG,76,25 December 1993,,7.8,
Ведьмина служба доставки,"['Anime', 'Adventure', 'Drama', 'Family', 'Fantasy']",12+,103,29 July 1989,83.0,7.8,
Фантазия,"['Family', 'Fantasy', 'Music']",0+,125,25 December 1948,96.0,7.8,
Воспоминания о Марни,"['Anime', 'Drama', 'Family', 'Mystery']",PG,103,19 July 2014,72.0,7.7,
Ральф,"['Adventure', 'Comedy', 'Family', 'Fantasy']",6+,101,1 November 2012,72.0,7.7,
Маленький принц,"['Adventure', 'Drama', 'Family', 'Fantasy']",6+,108,24 December 2015,70.0,7.7,
Лего. Фильм,"['Action', 'Adventure', 'Comedy', 'Family', 'Fantasy']",6+,100,27 February 2014,83.0,7.7,
Рыбка Поньо на утёсе,"['Anime', 'Adventure', 'Comedy', 'Family', 'Fantasy']",6+,101,3 September 2009,86.0,7.7,
Паприка,"['Anime', 'Drama', 'Fantasy', 'Mystery', 'Sci-Fi', 'Thriller']",R,90,25 November 2006,81.0,7.7,
Рапунцель: Запутанная история,"['Adventure', 'Comedy', 'Family', 'Fantasy', 'Musical', 'Romance']",6+,100,25 November 2010,71.0,7.7,
Коралина в стране кошмаров,"['Drama', 'Family', 'Fantasy', 'Thriller']",12+,100,30 April 2009,80.0,7.7,
D: Жажда крови,"['Anime', 'Action', 'Fantasy', 'Horror', 'Sci-Fi']",16+,103,17 April 2001,62.0,7.7,
"Южный Парк: Большой, длинный, необрезанный","['Comedy', 'Fantasy', 'Musical']",18+,81,9 November 2000,73.0,7.7,
Порко Россо,"['Anime', 'Adventure', 'Comedy', 'Fantasy', 'Romance']",12+,94,27 July 1995,83.0,7.7,
Кто подставил кролика Роджера,"['Adventure', 'Comedy', 'Crime', 'Family', 'Fantasy', 'Mystery']",12+,104,22 June 1988,83.0,7.7,
Rupan sansei: Kariosutoro no shiro,"['Anime', 'Adventure', 'Family', 'Fantasy']",12+,100,15 December 1979,71.0,7.7,
Суперсемейка 2,"['Action', 'Adventure', 'Comedy', 'Family', 'Sci-Fi']",6+,118,14 June 2018,80.0,7.6,
Моана,"['Adventure', 'Comedy', 'Family', 'Fantasy', 'Musical']",6+,107,1 December 2016,81.0,7.6,
Ариэтти из страны лилипутов,"['Anime', 'Adventure', 'Family', 'Fantasy']",0+,94,15 September 2011,80.0,7.6,
Гадкий я,"['Comedy', 'Family', 'Fantasy']",0+,95,8 July 2010,72.0,7.6,
5 сантиметров в секунду,"['Anime', 'Drama', 'Family', 'Romance']",12+,63,3 March 2007,,7.6,
Тайна Келлс,"['Adventure', 'Family', 'Fantasy']",0+,71,11 February 2009,81.0,7.6,
Мулан,"['Adventure', 'Family', 'Fantasy', 'Musical', 'War']",0+,88,25 December 1998,71.0,7.6,
Русалочка,"['Family', 'Fantasy', 'Musical', 'Romance']",0+,83,26 November 1998,88.0,7.6,
The Secret of NIMH,"['Adventure', 'Drama', 'Family', 'Fantasy', 'Sci-Fi', 'Thriller']",,82,16 July 1982,76.0,7.6,
Watership Down,"['Adventure', 'Drama', 'Thriller']",,91,13 December 1978,64.0,7.6,
The Many Adventures of Winnie the Pooh,"['Adventure', 'Comedy', 'Family', 'Musical']",,74,11 March 1977,,7.6,
Робин Гуд,"['Adventure', 'Comedy', 'Family', 'Romance']",,83,8 November 1973,,7.6,
Книга джунглей,"['Adventure', 'Family', 'Musical']",G,78,18 October 1967,65.0,7.6,
Белоснежка и семь гномов,"['Family', 'Fantasy', 'Musical', 'Romance']",0+,83,12 July 1955,95.0,7.6,
Вперёд,"['Adventure', 'Comedy', 'Family', 'Fantasy']",PG,102,5 March 2020,61.0,7.5,
Красная черепаха,"['Family', 'Fantasy']",PG,80,16 February 2017,86.0,7.5,
Сад изящных слов,"['Anime', 'Drama', 'Romance']",12+,46,31 May 2013,,7.5,
Как приручить дракона 3,"['Action', 'Adventure', 'Family', 'Fantasy']",6+,104,21 February 2019,71.0,7.5,
Летние войны,"['Anime', 'Action', 'Adventure', 'Comedy', 'Drama', 'Family', 'Romance', 'Sci-Fi', 'Thriller']",12+,114,1 August 2009,63.0,7.5,
Иллюзионист,"['Drama', 'Family', 'Fantasy']",PG,90,16 June 2010,82.0,7.5,
Кунг-фу Панда,"['Action', 'Adventure', 'Comedy', 'Family']",0+,92,5 June 2008,74.0,7.5,
Призрак в доспехах 2: Невинность,"['Anime', 'Drama', 'Sci-Fi', 'Thriller']",PG-13,100,6 March 2004,66.0,7.5,
Ледниковый период,"['Adventure', 'Comedy', 'Family', 'Fantasy']",0+,81,22 August 2002,,7.5,
Холодное сердце,"['Adventure', 'Comedy', 'Family', 'Fantasy', 'Musical']",6+,102,12 December 2013,75.0,7.4,
Со склонов Кокурико,"['Anime', 'Drama', 'Family', 'Romance']",12+,91,18 October 2012,71.0,7.4,
Уоллес и Громит: Проклятие кролика-оборотня,"['Adventure', 'Comedy', 'Family', 'Fantasy', 'Horror', 'Mystery', 'Sci-Fi']",12+,85,27 October 2005,87.0,7.4,
Земля до начала времён,"['Adventure', 'Drama', 'Family']",0+,69,18 November 1988,66.0,7.4,
Алиса в Стране чудес,"['Adventure', 'Family', 'Fantasy', 'Musical']",0+,75,14 September 1951,68.0,7.4,
Пиноккио,"['Comedy', 'Family', 'Fantasy', 'Musical']",0+,88,23 February 1940,99.0,7.4,
Лего Фильм: Бэтмен,"['Action', 'Comedy', 'Family']",6+,104,9 February 2017,75.0,7.3,
Барашек Шон,"['Adventure', 'Comedy', 'Family', 'Fantasy']",PG,85,2 April 2015,81.0,7.3,
Аномализа,"['Comedy', 'Drama', 'Romance']",18+,90,11 March 2016,88.0,7.3,
В поисках Дори,"['Adventure', 'Comedy', 'Family']",6+,97,16 June 2016,77.0,7.3,
Книга жизни,"['Adventure', 'Comedy', 'Family', 'Fantasy', 'Musical', 'Romance']",6+,95,26 February 2015,67.0,7.3,
Гадкий я 2,"['Adventure', 'Comedy', 'Family', 'Fantasy', 'Sci-Fi']",0+,98,15 August 2013,62.0,7.3,
Университет монстров,"['Adventure', 'Comedy', 'Family', 'Fantasy']",6+,104,20 June 2013,65.0,7.3,
Хранители снов,"['Action', 'Adventure', 'Comedy', 'Family', 'Fantasy', 'Sci-Fi']",0+,97,22 November 2012,,7.3,
Приключения Тинтина: Тайна Единорога,"['Action', 'Adventure', 'Family', 'Mystery']",12+,107,3 November 2011,68.0,7.3,
Симпсоны в кино,"['Adventure', 'Comedy']",12+,87,16 August 2007,80.0,7.3,
Труп невесты,"['Drama', 'Family', 'Fantasy', 'Musical', 'Romance']",12+,77,26 January 2006,83.0,7.3,
Похождения императора,"['Adventure', 'Comedy', 'Family', 'Fantasy']",0+,78,1 November 2001,70.0,7.3,
Тарзан,"['Adventure', 'Family', 'Romance']",6+,88,25 November 1999,79.0,7.3,
Геркулес,"['Adventure', 'Comedy', 'Family', 'Fantasy', 'Musical', 'Romance']",0+,93,2 June 2001,74.0,7.3,
The Transformers: The Movie,"['Action', 'Adventure', 'Family', 'Sci-Fi']",,84,8 August 1986,,7.3,
Лис и пёс,"['Adventure', 'Drama', 'Family']",0+,83,10 July 1981,65.0,7.3,
Леди и бродяга,"['Adventure', 'Comedy', 'Drama', 'Family', 'Romance']",0+,76,1969,78.0,7.3,
Питер Пэн,"['Adventure', 'Family', 'Fantasy', 'Musical']",G,77,5 February 1953,76.0,7.3,
Золушка,"['Family', 'Fantasy', 'Musical', 'Romance']",G,74,4 March 1950,85.0,7.3,
Бэмби,"['Drama', 'Family']",0+,70,17 May 1946,91.0,7.3,
Драконий жемчуг: Битва Богов,"['Anime', 'Action', 'Adventure', 'Comedy', 'Family', 'Fantasy', 'Sci-Fi']",,85,30 March 2013,,7.2,
Кунг-фу Панда 2,"['Action', 'Adventure', 'Comedy', 'Family', 'Fantasy']",0+,90,26 May 2011,67.0,7.2,
Ранго,"['Adventure', 'Comedy', 'Family', 'Western']",0+,107,17 March 2011,75.0,7.2,
Мегамозг,"['Action', 'Comedy', 'Family', 'Sci-Fi']",0+,95,28 October 2010,63.0,7.2,
Семейка Крудс,"['Action', 'Adventure', 'Comedy', 'Family', 'Fantasy']",0+,98,21 March 2013,,7.2,
Последняя фантазия 7: Дети пришествия,"['Action', 'Adventure', 'Drama', 'Family', 'Fantasy', 'Mystery', 'Sci-Fi', 'Thriller']",16+,101,14 September 2005,,7.2,
Boзвращение кота,"['Anime', 'Adventure', 'Comedy', 'Family', 'Fantasy', 'Romance']",0+,75,19 July 2002,70.0,7.2,
Шрек 2,"['Adventure', 'Comedy', 'Family', 'Fantasy', 'Romance']",6+,93,19 August 2004,75.0,7.2,
Лило и Стич,"['Adventure', 'Comedy', 'Drama', 'Family', 'Fantasy', 'Sci-Fi']",0+,85,26 December 2002,73.0,7.2,
Планета сокровищ,"['Adventure', 'Family', 'Sci-Fi']",0+,95,20 March 2003,,7.2,
Фантазия 2000,"['Comedy', 'Family', 'Fantasy', 'Music']",,75,31 December 1999,,7.2,
Приключения Флика,"['Adventure', 'Comedy', 'Family']",0+,95,12 May 2001,77.0,7.2,
Анастасия,"['Adventure', 'Drama', 'Family', 'Fantasy', 'Musical', 'Mystery', 'Romance']",0+,94,13 March 1998,61.0,7.2,
Великий мышиный сыщик,"['Adventure', 'Family', 'Musical', 'Mystery']",0+,74,2 July 1986,73.0,7.2,
Меч в камне,"['Adventure', 'Comedy', 'Family', 'Fantasy', 'Musical']",,79,21 June 1964,61.0,7.2,
101 далматинeц,"['Adventure', 'Comedy', 'Family']",,79,25 January 1961,83.0,7.2,
Спящая красавица,"['Family', 'Fantasy', 'Musical', 'Romance']",12+,75,25 December 1959,85.0,7.2,
Дамбо,"['Drama', 'Family', 'Musical']",0+,64,31 October 1941,96.0,7.2,
Ральф против Интернета,"['Adventure', 'Comedy', 'Family', 'Fantasy']",12+,112,22 November 2018,71.0,7.1,
Зверопой,"['Comedy', 'Family', 'Musical']",6+,108,2 March 2017,,7.1,
Снупи и мелочь пузатая в кино,"['Comedy', 'Family']",0+,88,24 December 2015,67.0,7.1,
Кунг-фу Панда 3,"['Action', 'Adventure', 'Comedy', 'Family', 'Fantasy']",6+,95,28 January 2016,66.0,7.1,
Секретная служба Санта-Клауса,"['Adventure', 'Comedy', 'Family', 'Fantasy']",6+,97,8 December 2011,69.0,7.1,
Храбрая сердцем,"['Adventure', 'Comedy', 'Family', 'Fantasy']",6+,93,21 June 2012,69.0,7.1,
Монстры на каникулах,"['Comedy', 'Family', 'Fantasy']",6+,91,18 October 2012,,7.1,
Принцесса и лягушка,"['Adventure', 'Comedy', 'Family', 'Fantasy', 'Musical', 'Romance']",0+,97,1 January 2010,73.0,7.1,
Девять,"['Action', 'Adventure', 'Drama', 'Sci-Fi']",12+,79,3 September 2009,,7.1,
Помутнение,"['Crime', 'Drama', 'Mystery', 'Sci-Fi', 'Thriller']",R,100,28 July 2006,73.0,7.1,
Губка Боб - квадратные штаны,"['Action', 'Adventure', 'Comedy', 'Family', 'Fantasy']",0+,87,17 March 2005,66.0,7.1,
Тачки,"['Comedy', 'Family', 'Sport']",0+,117,15 June 2006,73.0,7.1,
Спирит: Душа прерий,"['Adventure', 'Drama', 'Family', 'Western']",0+,83,31 October 2002,,7.1,
Принц Египта,"['Adventure', 'Drama', 'Family', 'Fantasy', 'Musical']",0+,99,18 December 1998,64.0,7.1,
Балто,"['Adventure', 'Drama', 'Family', 'History']",,78,22 June 1998,,7.1,
Bedknobs and Broomsticks,"['Adventure', 'Comedy', 'Family', 'Fantasy', 'Musical']",,117,13 December 1971,,7.1,
Коты-аристократы,"['Adventure', 'Comedy', 'Family', 'Musical']",0+,78,24 December 1970,66.0,7.1,
"Паранорман, или Как приручить зомби","['Adventure', 'Comedy', 'Family', 'Fantasy', 'Mystery']",6+,92,23 August 2012,72.0,7.0,
Зачарованная,"['Comedy', 'Family', 'Fantasy', 'Musical', 'Romance']",PG,107,22 November 2007,75.0,7.0,
Побег из курятника,"['Adventure', 'Comedy', 'Drama', 'Family']",0+,84,22 March 2001,88.0,7.0,
Король Лев,"['Adventure', 'Drama', 'Family', 'Musical']",6+,118,18 July 2019,,6.9,
Холодное сердце 2,"['Adventure', 'Comedy', 'Family', 'Fantasy', 'Musical']",PG,103,28 November 2019,64.0,6.9,
Рио,"['Adventure', 'Comedy', 'Crime', 'Family', 'Musical']",0+,96,7 April 2011,63.0,6.9,
Легенды ночных стражей,"['Action', 'Adventure', 'Family', 'Fantasy', 'Mystery', 'Thriller', 'War']",0+,97,30 September 2010,,6.9,
Франкенвини,"['Comedy', 'Family', 'Horror', 'Sci-Fi']",12+,87,11 October 2012,74.0,6.9,
Ледниковый период 3: Эра динозавров,"['Adventure', 'Comedy', 'Family', 'Fantasy']",0+,94,1 July 2009,,6.9,
"Облачно, возможны осадки в виде фрикаделек","['Adventure', 'Comedy', 'Family', 'Fantasy', 'Sci-Fi']",0+,90,22 October 2009,66.0,6.9,
Мадагаскар,"['Adventure', 'Comedy', 'Family']",0+,86,2 June 2005,,6.9,
Атлантида: Затерянный мир,"['Action', 'Adventure', 'Family', 'Fantasy', 'Sci-Fi']",12+,95,21 December 2001,,6.9,
Дорога на Эльдорадо,"['Adventure', 'Comedy', 'Family', 'Romance']",0+,89,31 March 2000,,6.9,
Горбун из Нотр-Дама,"['Drama', 'Family', 'Musical', 'Romance']",6+,91,21 June 1996,74.0,6.9,
The Rescuers Down Under,"['Adventure', 'Crime', 'Drama', 'Family', 'Fantasy', 'Mystery']",0+,77,9 July 1992,70.0,6.9,
Американская история,"['Adventure', 'Comedy', 'Drama', 'Family', 'Musical']",,80,3 October 1993,,6.9,
Спасатели,"['Adventure', 'Comedy', 'Family', 'Fantasy']",0+,78,22 June 1977,74.0,6.9,
Камуфляж и шпионаж,"['Adventure', 'Comedy', 'Family', 'Sci-Fi']",PG,102,9 January 2020,,6.8,
Аисты,"['Adventure', 'Comedy', 'Family', 'Fantasy']",6+,87,22 September 2016,,6.8,
Мадагаскар 3,"['Adventure', 'Comedy', 'Family']",0+,95,7 June 2012,,6.8,
Рождественская история,"['Drama', 'Family', 'Fantasy']",0+,96,19 November 2009,,6.8,
Приключения мистера Пибоди и Шермана,"['Adventure', 'Comedy', 'Family', 'Sci-Fi']",0+,92,6 March 2014,,6.8,
Семейка монстров,"['Adventure', 'Comedy', 'Family', 'Fantasy']",6+,96,25 September 2014,61.0,6.8,
Хортон,"['Adventure', 'Comedy', 'Family', 'Fantasy']",6+,86,13 March 2008,71.0,6.8,
Ледниковый период 2: Глобальное потепление,"['Adventure', 'Comedy', 'Family', 'Fantasy']",0+,91,30 March 2006,,6.8,
Вольт,"['Adventure', 'Comedy', 'Drama', 'Family']",0+,96,26 November 2008,67.0,6.8,
В гости к Робинсонам,"['Adventure', 'Comedy', 'Family', 'Sci-Fi']",0+,95,29 March 2007,61.0,6.8,
Братец медвежонок,"['Adventure', 'Comedy', 'Family', 'Fantasy']",0+,85,18 March 2004,,6.8,
Бивис и Батт-Хед уделывают Америку,"['Adventure', 'Comedy', 'Crime', 'Music']",14+,81,20 December 1996,64.0,6.8,
Каникулы Гуфи,"['Adventure', 'Comedy', 'Family', 'Musical', 'Romance']",,78,23 June 1996,,6.8,
Все псы попадают в рай,"['Comedy', 'Drama', 'Family', 'Fantasy', 'Musical']",6+,84,3 April 1996,,6.8,
Тачки 3,"['Adventure', 'Comedy', 'Family', 'Sport']",6+,102,15 June 2017,,6.7,
Фердинанд,"['Adventure', 'Comedy', 'Family', 'Fantasy']",6+,108,21 December 2017,,6.7,
Монстры на каникулах 2,"['Comedy', 'Family', 'Fantasy']",6+,89,22 October 2015,,6.7,
Хороший динозавр,"['Adventure', 'Comedy', 'Drama', 'Family', 'Fantasy']",12+,93,26 November 2015,66.0,6.7,
Пингвины Мадагаскара,"['Adventure', 'Comedy', 'Family', 'Sci-Fi']",0+,92,27 November 2014,,6.7,
Пираты! Банда неудачников,"['Adventure', 'Comedy', 'Family']",0+,88,26 April 2012,73.0,6.7,
Эпик,"['Adventure', 'Family', 'Fantasy', 'Mystery', 'Thriller']",6+,102,30 May 2013,,6.7,
Лови волну,"['Comedy', 'Family', 'Sport']",0+,85,7 June 2007,64.0,6.7,
Лесная братва,"['Adventure', 'Comedy', 'Family', 'Fantasy']",12+,83,26 May 2006,67.0,6.7,
Синдбад: Легенда семи морей,"['Adventure', 'Family', 'Fantasy']",12+,86,21 August 2003,,6.7,
Джеймс и гигантский персик,"['Adventure', 'Family', 'Fantasy', 'Musical']",12+,79,4 June 2004,78.0,6.7,
Покахонтас,"['Adventure', 'Drama', 'Family', 'Musical', 'Romance']",12+,81,23 June 1995,,6.7,
Оливер и компания,"['Adventure', 'Comedy', 'Family', 'Musical']",0+,74,18 November 1988,,6.7,
Тяжелый метал,"['Adventure', 'Fantasy', 'Sci-Fi']",,86,7 August 1981,,6.7,
Смолфут,"['Adventure', 'Comedy', 'Family', 'Fantasy', 'Musical']",6+,96,25 October 2018,,6.6,
ЛЕГО Фильм 2,"['Action', 'Adventure', 'Comedy', 'Family', 'Fantasy', 'Musical']",6+,107,7 February 2019,65.0,6.6,
Дом,"['Adventure', 'Comedy', 'Family', 'Fantasy', 'Sci-Fi']",6+,94,19 March 2015,,6.6,
Ледниковый период 4: Континентальный дрейф,"['Adventure', 'Comedy', 'Family', 'Fantasy']",0+,88,28 June 2012,,6.6,
Мадагаскар 2,"['Adventure', 'Comedy', 'Family']",0+,89,30 October 2008,61.0,6.6,
Кот в Сапогах,"['Adventure', 'Comedy', 'Family', 'Fantasy', 'Mystery']",0+,90,27 October 2011,65.0,6.6,
Смывайся!,"['Adventure', 'Comedy', 'Family', 'Fantasy']",0+,85,2 November 2006,74.0,6.6,
Дом-монстр,"['Comedy', 'Family', 'Fantasy', 'Mystery']",12+,91,10 August 2006,68.0,6.6,
Полярный экспресс,"['Adventure', 'Comedy', 'Family', 'Fantasy', 'Musical']",6+,100,23 December 2004,61.0,6.6,
Титан: После гибели Земли,"['Action', 'Adventure', 'Family', 'Sci-Fi']",PG,94,24 August 2000,,6.6,
Тайная жизнь домашних животных 2,"['Adventure', 'Comedy', 'Family']",6+,86,30 May 2019,,6.5,
Тайная жизнь домашних животных,"['Adventure', 'Comedy', 'Family']",6+,87,18 August 2016,61.0,6.5,
Тролли,"['Adventure', 'Comedy', 'Family', 'Fantasy', 'Musical']",6+,92,27 October 2016,,6.5,
Обитель зла: Вырождение,"['Action', 'Horror', 'Sci-Fi', 'Thriller']",R,97,18 October 2008,,6.5,
Динозавр,"['Adventure', 'Family', 'Thriller']",12+,82,15 June 2000,,6.5,
Муравей Антц,"['Adventure', 'Comedy', 'Family']",PG,83,1 January 1999,72.0,6.5,
Долина папоротников: Последний тропический лес,"['Adventure', 'Family', 'Fantasy']",,76,20 June 1999,67.0,6.5,
Бэтмен: Убийственная шутка,"['Action', 'Crime', 'Drama', 'Thriller']",R,76,25 July 2016,,6.4,
Миньоны,"['Adventure', 'Comedy', 'Family', 'Sci-Fi']",6+,91,9 July 2015,,6.4,
Облачно... 2: Месть ГМО,"['Adventure', 'Comedy', 'Family', 'Fantasy', 'Sci-Fi']",0+,95,24 October 2013,,6.4,
Турбо,"['Adventure', 'Comedy', 'Family', 'Sci-Fi', 'Sport']",6+,96,18 July 2013,,6.4,
Лоракс,"['Adventure', 'Comedy', 'Drama', 'Family', 'Fantasy', 'Musical']",0+,86,15 March 2012,,6.4,
Монстры против пришельцев,"['Action', 'Adventure', 'Comedy', 'Family', 'Sci-Fi', 'Thriller']",12+,94,19 March 2009,,6.4,
Сказания Земноморья,"['Anime', 'Adventure', 'Fantasy']",PG-13,115,29 July 2006,,6.4,
Правдивая история Красной Шапки,"['Comedy', 'Crime', 'Family', 'Musical', 'Mystery']",12+,80,2 March 2006,,6.4,
Делай ноги,"['Adventure', 'Comedy', 'Family', 'Music', 'Musical', 'Romance']",12+,108,21 December 2006,77.0,6.4,
Последняя фантазия,"['Action', 'Adventure', 'Fantasy', 'Romance', 'Sci-Fi']",12+,106,1 November 2001,,6.4,
Космический джем,"['Adventure', 'Comedy', 'Family', 'Fantasy', 'Sci-Fi', 'Sport']",6+,88,9 June 1999,,6.4,
Черный котел,"['Action', 'Adventure', 'Family', 'Fantasy']",12+,80,24 July 1985,,6.4,
Монстры на каникулах 3: Море зовёт,"['Adventure', 'Comedy', 'Family', 'Fantasy']",6+,97,12 July 2018,,6.3,
Босс-молокосос,"['Adventure', 'Comedy', 'Family', 'Fantasy']",6+,97,23 March 2017,,6.3,
Гадкий я 3,"['Adventure', 'Comedy', 'Family', 'Fantasy', 'Sci-Fi']",6+,89,29 June 2017,,6.3,
Гринч,"['Comedy', 'Family', 'Fantasy']",6+,85,13 December 2018,,6.3,
Рио 2,"['Adventure', 'Comedy', 'Family', 'Musical']",0+,101,20 March 2014,,6.3,
Angry Birds в кино,"['Action', 'Adventure', 'Comedy', 'Family']",6+,97,12 May 2016,,6.3,
Шрэк навсегда,"['Adventure', 'Comedy', 'Family', 'Fantasy', 'Romance']",6+,93,20 May 2010,,6.3,
Астробой,"['Action', 'Comedy', 'Family', 'Sci-Fi']",12+,94,22 October 2009,,6.3,
Роботы,"['Adventure', 'Comedy', 'Family', 'Sci-Fi']",6+,91,17 March 2005,64.0,6.3,
Покемон: Мьюту против Мью,"['Anime', 'Action', 'Adventure', 'Family', 'Fantasy', 'Sci-Fi', 'Sport']",0+,96,18 July 1998,,6.3,
Осмосис Джонс,"['Action', 'Adventure', 'Comedy', 'Crime', 'Family', 'Fantasy', 'Sci-Fi']",PG,95,31 December 2002,,6.3,
Черепaшки-ниндзя,"['Action', 'Adventure', 'Comedy', 'Family', 'Fantasy', 'Sci-Fi']",PG,87,22 March 2007,,6.2,
Беовульф,"['Action', 'Adventure', 'Fantasy']",PG-13,115,22 November 2007,,6.2,
Bлaстелин колец,"['Adventure', 'Fantasy']",,132,15 November 1978,,6.2,
Полный расколбас,"['Adventure', 'Comedy', 'Fantasy']",18+,89,8 September 2016,66.0,6.1,
Тачки 2,"['Adventure', 'Comedy', 'Family', 'Sport']",6+,106,23 June 2011,,6.1,
Приключения Десперо,"['Adventure', 'Comedy', 'Family', 'Fantasy']",0+,93,25 December 2008,,6.1,
Шрэк Третий,"['Adventure', 'Comedy', 'Family', 'Fantasy']",6+,93,17 May 2007,,6.1,
Сезон охоты,"['Adventure', 'Comedy', 'Family', 'Fantasy']",12+,86,26 October 2006,,6.1,
Би Муви: Медовый заговор,"['Adventure', 'Comedy', 'Family']",PG,91,1 November 2007,,6.1,
Губка Боб в 3D,"['Action', 'Adventure', 'Comedy', 'Family', 'Fantasy', 'Sci-Fi']",6+,92,12 February 2015,62.0,6.0,
Планета 51,"['Adventure', 'Comedy', 'Family', 'Sci-Fi']",12+,91,19 November 2009,,6.0,
