Title Name,Genres,Rating,Duration,Aired,Metascore,IMDb
Унесённые призраками,"['Animation', 'Adventure', 'Family', 'Fantasy', 'Mystery']",12+,2h 5min,31 December 2002 (Russia),96,8.6
Король лев 1,"['Animation', 'Adventure', 'Drama', 'Family', 'Musical']",0+,1h 28min,20 January 1995 (Russia),88,8.5
Могила светлячков,"['Animation', 'Drama', 'War']",,1h 29min,16 April 1988 (Japan),94,8.5
Твое имя,"['Animation', 'Drama', 'Fantasy', 'Romance']",12+,1h 46min,7 September 2017 (Russia),79,8.4
Человек-паук: Через Вселенные,"['Animation', 'Action', 'Adventure', 'Family', 'Sci-Fi']",6+,1h 57min,13 December 2018 (Russia),87,8.4
Тайна Коко,"['Animation', 'Adventure', 'Family', 'Fantasy', 'Music', 'Mystery']",12+,1h 45min,23 November 2017 (Russia),81,8.4
ВАЛЛ-И,"['Animation', 'Adventure', 'Family', 'Sci-Fi']",0+,1h 38min,3 July 2008 (Russia),95,8.4
Принцесса Мононоке,"['Animation', 'Adventure', 'Fantasy']",12+,2h 14min,24 June 2010 (Russia),76,8.4
История игрушек 3,"['Animation', 'Adventure', 'Comedy', 'Family', 'Fantasy']",0+,1h 43min,17 June 2010 (Russia),92,8.3
История игрушек,"['Animation', 'Adventure', 'Comedy', 'Family', 'Fantasy']",6+,1h 21min,22 December 1995 (Russia),95,8.3
Форма голоса,"['Animation', 'Drama', 'Family', 'Romance']",12+,2h 10min,17 September 2016 (Japan),78,8.2
Клаус,"['Animation', 'Adventure', 'Comedy', 'Family']",PG,1h 36min,15 November 2019 (Spain),65,8.2
Вверх,"['Animation', 'Adventure', 'Comedy', 'Family']",0+,1h 36min,28 May 2009 (Russia),88,8.2
Ходячий замок,"['Animation', 'Adventure', 'Family', 'Fantasy']",12+,1h 59min,27 August 2005 (Russia),80,8.2
Мой сосед Тоторо,"['Animation', 'Family', 'Fantasy']",0+,1h 26min,16 April 1988 (Japan),86,8.2
Волчьи дети Амэ и Юки,"['Animation', 'Drama', 'Family', 'Fantasy']",12+,1h 57min,21 July 2012 (Japan),71,8.1
Головоломка,"['Animation', 'Adventure', 'Comedy', 'Drama', 'Family', 'Fantasy']",6+,1h 35min,18 June 2015 (Russia),94,8.1
Песнь моря,"['Animation', 'Adventure', 'Drama', 'Family', 'Fantasy']",PG,1h 33min,27 August 2015 (Russia),85,8.1
Мэри и Макс,"['Animation', 'Comedy', 'Drama', 'Family']",,1h 32min,3 December 2009 (Russia),,8.1
Как приручить дракона,"['Animation', 'Action', 'Adventure', 'Family', 'Fantasy']",6+,1h 38min,18 March 2010 (Russia),75,8.1
В поисках Немо,"['Animation', 'Adventure', 'Comedy', 'Family']",0+,1h 40min,25 December 2003 (Russia),90,8.1
Конец Евангелиона,"['Animation', 'Action', 'Drama', 'Fantasy', 'Sci-Fi']",18+,1h 27min,2005 (Germany),,8.1
Навсикая из Долины ветров,"['Animation', 'Adventure', 'Fantasy', 'Sci-Fi']",12+,1h 57min,11 March 1984 (Japan),86,8.1
Зверополис,"['Animation', 'Adventure', 'Comedy', 'Crime', 'Family', 'Mystery']",6+,1h 48min,3 March 2016 (Russia),78,8.0
Сказание о принцессе Кагуя,"['Animation', 'Adventure', 'Drama', 'Family', 'Fantasy']",6+,2h 17min,23 November 2013 (Japan),89,8.0
Персеполис,"['Animation', 'Biography', 'Drama', 'Family', 'History', 'War']",PG-13,1h 36min,27 June 2007 (France),90,8.0
Рататуй,"['Animation', 'Adventure', 'Comedy', 'Family', 'Fantasy']",0+,1h 51min,28 June 2007 (Russia),96,8.0
Суперсемейка,"['Animation', 'Action', 'Adventure', 'Family']",12+,1h 55min,23 December 2004 (Russia),90,8.0
Корпорация монстров,"['Animation', 'Adventure', 'Comedy', 'Family', 'Fantasy']",6+,1h 32min,22 March 2002 (Russia),79,8.0
Истинная грусть,"['Animation', 'Crime', 'Mystery', 'Thriller']",R,1h 21min,28 February 1998 (Japan),,8.0
Стальной гигант,"['Animation', 'Action', 'Adventure', 'Comedy', 'Drama', 'Family', 'Sci-Fi']",0+,1h 26min,6 August 1999 (USA),85,8.0
Призрак в доспехах,"['Animation', 'Action', 'Crime', 'Drama', 'Mystery', 'Sci-Fi', 'Thriller']",,1h 23min,18 November 1995 (Japan),76,8.0
Кошмар перед Рождеством,"['Animation', 'Family', 'Fantasy', 'Musical']",12+,1h 16min,9 November 1995 (Russia),82,8.0
Аладдин,"['Animation', 'Adventure', 'Comedy', 'Family', 'Fantasy', 'Musical', 'Romance']",,1h 30min,2 April 1994 (Russia),86,8.0
Красавица и чудовище,"['Animation', 'Family', 'Fantasy', 'Musical', 'Romance']",6+,1h 24min,10 July 1993 (Russia),95,8.0
Акира,"['Animation', 'Drama', 'Sci-Fi', 'Thriller']",R,2h 4min,16 July 1988 (Japan),,8.0
Небесный замок Лапута,"['Animation', 'Adventure', 'Drama', 'Family', 'Fantasy', 'Sci-Fi']",12+,2h 5min,2 August 1986 (Japan),78,8.0
Остров собак,"['Animation', 'Adventure', 'Comedy', 'Drama', 'Fantasy', 'Sci-Fi']",12+,1h 41min,3 May 2018 (Russia),82,7.9
Бесподобный мистер Фокс,"['Animation', 'Adventure', 'Comedy', 'Crime', 'Drama', 'Family']",12+,1h 27min,23 October 2009 (UK),83,7.9
Ковбой Бибоп,"['Animation', 'Action', 'Crime', 'Drama', 'Sci-Fi', 'Thriller']",,1h 55min,1 September 2001 (Japan),61,7.9
История игрушек 2,"['Animation', 'Adventure', 'Comedy', 'Family', 'Fantasy']",6+,1h 32min,2 December 1999 (Russia),88,7.9
Шёпот сердца,"['Animation', 'Drama', 'Family', 'Music', 'Romance']",,1h 51min,15 July 1995 (Japan),75,7.9
Манускрипт ниндзя,"['Animation', 'Action', 'Adventure', 'Fantasy', 'Thriller']",,1h 34min,5 June 1993 (Japan),,7.9
Кубо. Легенда о самурае,"['Animation', 'Action', 'Adventure', 'Family', 'Fantasy']",6+,1h 41min,20 October 2016 (Russia),84,7.8
"Ван Гог. С любовью, Винсент","['Animation', 'Biography', 'Crime', 'Drama', 'Family', 'Mystery']",PG-13,1h 34min,22 September 2017 (USA),62,7.8
Город героев,"['Animation', 'Action', 'Adventure', 'Family', 'Sci-Fi']",6+,1h 42min,25 October 2014 (Russia),74,7.8
Ветер крепчает,"['Animation', 'Biography', 'Drama', 'History', 'Romance', 'War']",12+,2h 6min,20 February 2014 (Russia),83,7.8
История игрушек 4,"['Animation', 'Adventure', 'Comedy', 'Family', 'Fantasy']",6+,1h 40min,20 June 2019 (Russia),84,7.8
Как приручить дракона 2,"['Animation', 'Action', 'Adventure', 'Family', 'Fantasy']",0+,1h 42min,12 June 2014 (Russia),76,7.8
"Девочка, покорившая время","['Animation', 'Adventure', 'Comedy', 'Drama', 'Family', 'Mystery', 'Romance', 'Sci-Fi']",,1h 38min,15 July 2006 (Japan),,7.8
Однажды в Токио,"['Animation', 'Adventure', 'Comedy', 'Drama']",16+,1h 33min,8 November 2003 (Japan),73,7.8
Трио из Бельвилля,"['Animation', 'Comedy', 'Drama']",12+,1h 20min,6 November 2003 (Russia),91,7.8
Пробуждение жизни,"['Animation', 'Drama', 'Fantasy']",16+,1h 39min,7 March 2002 (Australia),82,7.8
Шрек,"['Animation', 'Adventure', 'Comedy', 'Family', 'Fantasy']",6+,1h 30min,31 October 2001 (Russia),84,7.8
Бэтмэн: Маска фантазма,"['Animation', 'Action', 'Crime', 'Drama', 'Mystery', 'Sci-Fi', 'Thriller']",PG,1h 16min,25 December 1993 (USA),,7.8
Ведьмина служба доставки,"['Animation', 'Adventure', 'Drama', 'Family', 'Fantasy']",12+,1h 43min,29 July 1989 (Japan),83,7.8
Фантазия,"['Animation', 'Family', 'Fantasy', 'Music']",0+,2h 5min,25 December 1948 (Soviet Union),96,7.8
Воспоминания о Марни,"['Animation', 'Drama', 'Family', 'Mystery']",PG,1h 43min,19 July 2014 (Japan),72,7.7
Ральф,"['Animation', 'Adventure', 'Comedy', 'Family', 'Fantasy']",6+,1h 41min,1 November 2012 (Russia),72,7.7
Маленький принц,"['Animation', 'Adventure', 'Drama', 'Family', 'Fantasy']",6+,1h 48min,24 December 2015 (Russia),70,7.7
Лего. Фильм,"['Animation', 'Action', 'Adventure', 'Comedy', 'Family', 'Fantasy']",6+,1h 40min,27 February 2014 (Russia),83,7.7
Рыбка Поньо на утёсе,"['Animation', 'Adventure', 'Comedy', 'Family', 'Fantasy']",6+,1h 41min,3 September 2009 (Russia),86,7.7
Паприка,"['Animation', 'Drama', 'Fantasy', 'Mystery', 'Sci-Fi', 'Thriller']",R,1h 30min,25 November 2006 (Japan),81,7.7
Рапунцель: Запутанная история,"['Animation', 'Adventure', 'Comedy', 'Family', 'Fantasy', 'Musical', 'Romance']",6+,1h 40min,25 November 2010 (Russia),71,7.7
Коралина в стране кошмаров,"['Animation', 'Drama', 'Family', 'Fantasy', 'Thriller']",12+,1h 40min,30 April 2009 (Russia),80,7.7
D: Жажда крови,"['Animation', 'Action', 'Fantasy', 'Horror', 'Sci-Fi']",16+,1h 43min,17 April 2001 (Japan),62,7.7
"Южный Парк: Большой, длинный, необрезанный","['Animation', 'Comedy', 'Fantasy', 'Musical']",18+,1h 21min,9 November 2000 (Russia),73,7.7
Порко Россо,"['Animation', 'Adventure', 'Comedy', 'Fantasy', 'Romance']",12+,1h 34min,27 July 1995 (Russia),83,7.7
Кто подставил кролика Роджера,"['Animation', 'Adventure', 'Comedy', 'Crime', 'Family', 'Fantasy', 'Mystery']",12+,1h 44min,22 June 1988 (USA),83,7.7
Rupan sansei: Kariosutoro no shiro,"['Animation', 'Adventure', 'Family', 'Fantasy']",12+,1h 40min,15 December 1979 (Japan),71,7.7
Суперсемейка 2,"['Animation', 'Action', 'Adventure', 'Comedy', 'Family', 'Sci-Fi']",6+,1h 58min,14 June 2018 (Russia),80,7.6
Моана,"['Animation', 'Adventure', 'Comedy', 'Family', 'Fantasy', 'Musical']",6+,1h 47min,1 December 2016 (Russia),81,7.6
Ариэтти из страны лилипутов,"['Animation', 'Adventure', 'Family', 'Fantasy']",0+,1h 34min,15 September 2011 (Russia),80,7.6
Гадкий я,"['Animation', 'Comedy', 'Family', 'Fantasy']",0+,1h 35min,8 July 2010 (Russia),72,7.6
5 сантиметров в секунду,"['Animation', 'Drama', 'Family', 'Romance']",12+,1h 3min,3 March 2007 (Japan),,7.6
Тайна Келлс,"['Animation', 'Adventure', 'Family', 'Fantasy']",0+,1h 11min,11 February 2009 (France),81,7.6
Мулан,"['Animation', 'Adventure', 'Family', 'Fantasy', 'Musical', 'War']",0+,1h 28min,25 December 1998 (Russia),71,7.6
Русалочка,"['Animation', 'Family', 'Fantasy', 'Musical', 'Romance']",0+,1h 23min,26 November 1998 (Russia),88,7.6
The Secret of NIMH,"['Animation', 'Adventure', 'Drama', 'Family', 'Fantasy', 'Sci-Fi', 'Thriller']",,1h 22min,16 July 1982 (USA),76,7.6
Watership Down,"['Animation', 'Adventure', 'Drama', 'Thriller']",,1h 31min,13 December 1978 (UK),64,7.6
The Many Adventures of Winnie the Pooh,"['Animation', 'Adventure', 'Comedy', 'Family', 'Musical']",,1h 14min,11 March 1977 (USA),,7.6
Робин Гуд,"['Animation', 'Adventure', 'Comedy', 'Family', 'Romance']",,1h 23min,8 November 1973 (USA),,7.6
Книга джунглей,"['Animation', 'Adventure', 'Family', 'Musical']",G,1h 18min,18 October 1967 (USA),65,7.6
Белоснежка и семь гномов,"['Animation', 'Family', 'Fantasy', 'Musical', 'Romance']",0+,1h 23min,12 July 1955 (Soviet Union),95,7.6
Вперёд,"['Animation', 'Adventure', 'Comedy', 'Family', 'Fantasy']",PG,1h 42min,5 March 2020 (Russia),61,7.5
Красная черепаха,"['Animation', 'Family', 'Fantasy']",PG,1h 20min,16 February 2017 (Russia),86,7.5
Сад изящных слов,"['Animation', 'Drama', 'Romance']",12+,46min,31 May 2013 (Japan),,7.5
Как приручить дракона 3,"['Animation', 'Action', 'Adventure', 'Family', 'Fantasy']",6+,1h 44min,21 February 2019 (Russia),71,7.5
Летние войны,"['Animation', 'Action', 'Adventure', 'Comedy', 'Drama', 'Family', 'Romance', 'Sci-Fi', 'Thriller']",12+,1h 54min,1 August 2009 (Japan),63,7.5
Иллюзионист,"['Animation', 'Drama', 'Family', 'Fantasy']",PG,1h 30min,16 June 2010 (France),82,7.5
Кунг-фу Панда,"['Animation', 'Action', 'Adventure', 'Comedy', 'Family']",0+,1h 32min,5 June 2008 (Russia),74,7.5
Призрак в доспехах 2: Невинность,"['Animation', 'Drama', 'Sci-Fi', 'Thriller']",PG-13,1h 40min,6 March 2004 (Japan),66,7.5
Ледниковый период,"['Animation', 'Adventure', 'Comedy', 'Family', 'Fantasy']",0+,1h 21min,22 August 2002 (Russia),,7.5
Холодное сердце,"['Animation', 'Adventure', 'Comedy', 'Family', 'Fantasy', 'Musical']",6+,1h 42min,12 December 2013 (Russia),75,7.4
Со склонов Кокурико,"['Animation', 'Drama', 'Family', 'Romance']",12+,1h 31min,18 October 2012 (Russia),71,7.4
Уоллес и Громит: Проклятие кролика-оборотня,"['Animation', 'Adventure', 'Comedy', 'Family', 'Fantasy', 'Horror', 'Mystery', 'Sci-Fi']",12+,1h 25min,27 October 2005 (Russia),87,7.4
Земля до начала времён,"['Animation', 'Adventure', 'Drama', 'Family']",0+,1h 9min,18 November 1988 (USA),66,7.4
Алиса в Стране чудес,"['Animation', 'Adventure', 'Family', 'Fantasy', 'Musical']",0+,1h 15min,14 September 1951 (USA),68,7.4
Пиноккио,"['Animation', 'Comedy', 'Family', 'Fantasy', 'Musical']",0+,1h 28min,23 February 1940 (USA),99,7.4
Лего Фильм: Бэтмен,"['Animation', 'Action', 'Comedy', 'Family']",6+,1h 44min,9 February 2017 (Russia),75,7.3
Барашек Шон,"['Animation', 'Adventure', 'Comedy', 'Family', 'Fantasy']",PG,1h 25min,2 April 2015 (Russia),81,7.3
Аномализа,"['Animation', 'Comedy', 'Drama', 'Romance']",18+,1h 30min,11 March 2016 (UK),88,7.3
В поисках Дори,"['Animation', 'Adventure', 'Comedy', 'Family']",6+,1h 37min,16 June 2016 (Russia),77,7.3
Книга жизни,"['Animation', 'Adventure', 'Comedy', 'Family', 'Fantasy', 'Musical', 'Romance']",6+,1h 35min,26 February 2015 (Russia),67,7.3
Гадкий я 2,"['Animation', 'Adventure', 'Comedy', 'Family', 'Fantasy', 'Sci-Fi']",0+,1h 38min,15 August 2013 (Russia),62,7.3
Университет монстров,"['Animation', 'Adventure', 'Comedy', 'Family', 'Fantasy']",6+,1h 44min,20 June 2013 (Russia),65,7.3
Хранители снов,"['Animation', 'Action', 'Adventure', 'Comedy', 'Family', 'Fantasy', 'Sci-Fi']",0+,1h 37min,22 November 2012 (Russia),,7.3
Приключения Тинтина: Тайна Единорога,"['Animation', 'Action', 'Adventure', 'Family', 'Mystery']",12+,1h 47min,3 November 2011 (Russia),68,7.3
Симпсоны в кино,"['Animation', 'Adventure', 'Comedy']",12+,1h 27min,16 August 2007 (Russia),80,7.3
Труп невесты,"['Animation', 'Drama', 'Family', 'Fantasy', 'Musical', 'Romance']",12+,1h 17min,26 January 2006 (Russia),83,7.3
Похождения императора,"['Animation', 'Adventure', 'Comedy', 'Family', 'Fantasy']",0+,1h 18min,1 November 2001 (Russia),70,7.3
Тарзан,"['Animation', 'Adventure', 'Family', 'Romance']",6+,1h 28min,25 November 1999 (Russia),79,7.3
Геркулес,"['Animation', 'Adventure', 'Comedy', 'Family', 'Fantasy', 'Musical', 'Romance']",0+,1h 33min,2 June 2001 (Russia),74,7.3
The Transformers: The Movie,"['Animation', 'Action', 'Adventure', 'Family', 'Sci-Fi']",,1h 24min,8 August 1986 (USA),,7.3
Лис и пёс,"['Animation', 'Adventure', 'Drama', 'Family']",0+,1h 23min,10 July 1981 (USA),65,7.3
Леди и бродяга,"['Animation', 'Adventure', 'Comedy', 'Drama', 'Family', 'Romance']",0+,1h 16min,1969 (Russia),78,7.3
Питер Пэн,"['Animation', 'Adventure', 'Family', 'Fantasy', 'Musical']",G,1h 17min,5 February 1953 (USA),76,7.3
Золушка,"['Animation', 'Family', 'Fantasy', 'Musical', 'Romance']",G,1h 14min,4 March 1950 (USA),85,7.3
Бэмби,"['Animation', 'Drama', 'Family']",0+,1h 10min,17 May 1946 (Soviet Union),91,7.3
Драконий жемчуг: Битва Богов,"['Animation', 'Action', 'Adventure', 'Comedy', 'Family', 'Fantasy', 'Sci-Fi']",,1h 25min,30 March 2013 (Japan),,7.2
Кунг-фу Панда 2,"['Animation', 'Action', 'Adventure', 'Comedy', 'Family', 'Fantasy']",0+,1h 30min,26 May 2011 (Russia),67,7.2
Ранго,"['Animation', 'Adventure', 'Comedy', 'Family', 'Western']",0+,1h 47min,17 March 2011 (Russia),75,7.2
Мегамозг,"['Animation', 'Action', 'Comedy', 'Family', 'Sci-Fi']",0+,1h 35min,28 October 2010 (Russia),63,7.2
Семейка Крудс,"['Animation', 'Action', 'Adventure', 'Comedy', 'Family', 'Fantasy']",0+,1h 38min,21 March 2013 (Russia),,7.2
Последняя фантазия 7: Дети пришествия,"['Animation', 'Action', 'Adventure', 'Drama', 'Family', 'Fantasy', 'Mystery', 'Sci-Fi', 'Thriller']",16+,1h 41min,14 September 2005 (Japan),,7.2
Boзвращение кота,"['Animation', 'Adventure', 'Comedy', 'Family', 'Fantasy', 'Romance']",0+,1h 15min,19 July 2002 (Japan),70,7.2
Шрек 2,"['Animation', 'Adventure', 'Comedy', 'Family', 'Fantasy', 'Romance']",6+,1h 33min,19 August 2004 (Russia),75,7.2
Лило и Стич,"['Animation', 'Adventure', 'Comedy', 'Drama', 'Family', 'Fantasy', 'Sci-Fi']",0+,1h 25min,26 December 2002 (Russia),73,7.2
Планета сокровищ,"['Animation', 'Adventure', 'Family', 'Sci-Fi']",0+,1h 35min,20 March 2003 (Russia),,7.2
Фантазия 2000,"['Animation', 'Comedy', 'Family', 'Fantasy', 'Music']",,1h 15min,31 December 1999 (Russia),,7.2
Приключения Флика,"['Animation', 'Adventure', 'Comedy', 'Family']",0+,1h 35min,12 May 2001 (Russia),77,7.2
Анастасия,"['Animation', 'Adventure', 'Drama', 'Family', 'Fantasy', 'Musical', 'Mystery', 'Romance']",0+,1h 34min,13 March 1998 (Russia),61,7.2
Великий мышиный сыщик,"['Animation', 'Adventure', 'Family', 'Musical', 'Mystery']",0+,1h 14min,2 July 1986 (USA),73,7.2
Меч в камне,"['Animation', 'Adventure', 'Comedy', 'Family', 'Fantasy', 'Musical']",,1h 19min,21 June 1964 (USA),61,7.2
101 далматинeц,"['Animation', 'Adventure', 'Comedy', 'Family']",,1h 19min,25 January 1961 (USA),83,7.2
Спящая красавица,"['Animation', 'Family', 'Fantasy', 'Musical', 'Romance']",12+,1h 15min,25 December 1959 (USA),85,7.2
Дамбо,"['Animation', 'Drama', 'Family', 'Musical']",0+,1h 4min,31 October 1941 (USA),96,7.2
Ральф против Интернета,"['Animation', 'Adventure', 'Comedy', 'Family', 'Fantasy']",12+,1h 52min,22 November 2018 (Russia),71,7.1
Зверопой,"['Animation', 'Comedy', 'Family', 'Musical']",6+,1h 48min,2 March 2017 (Russia),,7.1
Снупи и мелочь пузатая в кино,"['Animation', 'Comedy', 'Family']",0+,1h 28min,24 December 2015 (Russia),67,7.1
Кунг-фу Панда 3,"['Animation', 'Action', 'Adventure', 'Comedy', 'Family', 'Fantasy']",6+,1h 35min,28 January 2016 (Russia),66,7.1
Секретная служба Санта-Клауса,"['Animation', 'Adventure', 'Comedy', 'Family', 'Fantasy']",6+,1h 37min,8 December 2011 (Russia),69,7.1
Храбрая сердцем,"['Animation', 'Adventure', 'Comedy', 'Family', 'Fantasy']",6+,1h 33min,21 June 2012 (Russia),69,7.1
Монстры на каникулах,"['Animation', 'Comedy', 'Family', 'Fantasy']",6+,1h 31min,18 October 2012 (Russia),,7.1
Принцесса и лягушка,"['Animation', 'Adventure', 'Comedy', 'Family', 'Fantasy', 'Musical', 'Romance']",0+,1h 37min,1 January 2010 (Russia),73,7.1
Девять,"['Animation', 'Action', 'Adventure', 'Drama', 'Sci-Fi']",12+,1h 19min,3 September 2009 (Russia),,7.1
Помутнение,"['Animation', 'Crime', 'Drama', 'Mystery', 'Sci-Fi', 'Thriller']",R,1h 40min,28 July 2006 (USA),73,7.1
Губка Боб - квадратные штаны,"['Animation', 'Action', 'Adventure', 'Comedy', 'Family', 'Fantasy']",0+,1h 27min,17 March 2005 (Russia),66,7.1
Тачки,"['Animation', 'Comedy', 'Family', 'Sport']",0+,1h 57min,15 June 2006 (Russia),73,7.1
Спирит: Душа прерий,"['Animation', 'Adventure', 'Drama', 'Family', 'Western']",0+,1h 23min,31 October 2002 (Russia),,7.1
Принц Египта,"['Animation', 'Adventure', 'Drama', 'Family', 'Fantasy', 'Musical']",0+,1h 39min,18 December 1998 (USA),64,7.1
Балто,"['Animation', 'Adventure', 'Drama', 'Family', 'History']",,1h 18min,22 June 1998 (Russia),,7.1
Bedknobs and Broomsticks,"['Animation', 'Adventure', 'Comedy', 'Family', 'Fantasy', 'Musical']",,1h 57min,13 December 1971 (USA),,7.1
Коты-аристократы,"['Animation', 'Adventure', 'Comedy', 'Family', 'Musical']",0+,1h 18min,24 December 1970 (USA),66,7.1
"Паранорман, или Как приручить зомби","['Animation', 'Adventure', 'Comedy', 'Family', 'Fantasy', 'Mystery']",6+,1h 32min,23 August 2012 (Russia),72,7.0
Зачарованная,"['Animation', 'Comedy', 'Family', 'Fantasy', 'Musical', 'Romance']",PG,1h 47min,22 November 2007 (Russia),75,7.0
Побег из курятника,"['Animation', 'Adventure', 'Comedy', 'Drama', 'Family']",0+,1h 24min,22 March 2001 (Russia),88,7.0
Король Лев,"['Animation', 'Adventure', 'Drama', 'Family', 'Musical']",6+,1h 58min,18 July 2019 (Russia),,6.9
Холодное сердце 2,"['Animation', 'Adventure', 'Comedy', 'Family', 'Fantasy', 'Musical']",PG,1h 43min,28 November 2019 (Russia),64,6.9
Рио,"['Animation', 'Adventure', 'Comedy', 'Crime', 'Family', 'Musical']",0+,1h 36min,7 April 2011 (Russia),63,6.9
Легенды ночных стражей,"['Animation', 'Action', 'Adventure', 'Family', 'Fantasy', 'Mystery', 'Thriller', 'War']",0+,1h 37min,30 September 2010 (Russia),,6.9
Франкенвини,"['Animation', 'Comedy', 'Family', 'Horror', 'Sci-Fi']",12+,1h 27min,11 October 2012 (Russia),74,6.9
Ледниковый период 3: Эра динозавров,"['Animation', 'Adventure', 'Comedy', 'Family', 'Fantasy']",0+,1h 34min,1 July 2009 (Russia),,6.9
"Облачно, возможны осадки в виде фрикаделек","['Animation', 'Adventure', 'Comedy', 'Family', 'Fantasy', 'Sci-Fi']",0+,1h 30min,22 October 2009 (Russia),66,6.9
Мадагаскар,"['Animation', 'Adventure', 'Comedy', 'Family']",0+,1h 26min,2 June 2005 (Russia),,6.9
Атлантида: Затерянный мир,"['Animation', 'Action', 'Adventure', 'Family', 'Fantasy', 'Sci-Fi']",12+,1h 35min,21 December 2001 (Russia),,6.9
Дорога на Эльдорадо,"['Animation', 'Adventure', 'Comedy', 'Family', 'Romance']",0+,1h 29min,31 March 2000 (USA),,6.9
Горбун из Нотр-Дама,"['Animation', 'Drama', 'Family', 'Musical', 'Romance']",6+,1h 31min,21 June 1996 (USA),74,6.9
The Rescuers Down Under,"['Animation', 'Adventure', 'Crime', 'Drama', 'Family', 'Fantasy', 'Mystery']",0+,1h 17min,9 July 1992 (Russia),70,6.9
Американская история,"['Animation', 'Adventure', 'Comedy', 'Drama', 'Family', 'Musical']",,1h 20min,3 October 1993 (Russia),,6.9
Спасатели,"['Animation', 'Adventure', 'Comedy', 'Family', 'Fantasy']",0+,1h 18min,22 June 1977 (USA),74,6.9
Камуфляж и шпионаж,"['Animation', 'Adventure', 'Comedy', 'Family', 'Sci-Fi']",PG,1h 42min,9 January 2020 (Russia),,6.8
Аисты,"['Animation', 'Adventure', 'Comedy', 'Family', 'Fantasy']",6+,1h 27min,22 September 2016 (Russia),,6.8
Мадагаскар 3,"['Animation', 'Adventure', 'Comedy', 'Family']",0+,1h 35min,7 June 2012 (Russia),,6.8
Рождественская история,"['Animation', 'Drama', 'Family', 'Fantasy']",0+,1h 36min,19 November 2009 (Russia),,6.8
Приключения мистера Пибоди и Шермана,"['Animation', 'Adventure', 'Comedy', 'Family', 'Sci-Fi']",0+,1h 32min,6 March 2014 (Russia),,6.8
Семейка монстров,"['Animation', 'Adventure', 'Comedy', 'Family', 'Fantasy']",6+,1h 36min,25 September 2014 (Russia),61,6.8
Хортон,"['Animation', 'Adventure', 'Comedy', 'Family', 'Fantasy']",6+,1h 26min,13 March 2008 (Russia),71,6.8
Ледниковый период 2: Глобальное потепление,"['Animation', 'Adventure', 'Comedy', 'Family', 'Fantasy']",0+,1h 31min,30 March 2006 (Russia),,6.8
Вольт,"['Animation', 'Adventure', 'Comedy', 'Drama', 'Family']",0+,1h 36min,26 November 2008 (Russia),67,6.8
В гости к Робинсонам,"['Animation', 'Adventure', 'Comedy', 'Family', 'Sci-Fi']",0+,1h 35min,29 March 2007 (Russia),61,6.8
Братец медвежонок,"['Animation', 'Adventure', 'Comedy', 'Family', 'Fantasy']",0+,1h 25min,18 March 2004 (Russia),,6.8
Бивис и Батт-Хед уделывают Америку,"['Animation', 'Adventure', 'Comedy', 'Crime', 'Music']",14+,1h 21min,20 December 1996 (USA),64,6.8
Каникулы Гуфи,"['Animation', 'Adventure', 'Comedy', 'Family', 'Musical', 'Romance']",,1h 18min,23 June 1996 (Russia),,6.8
Все псы попадают в рай,"['Animation', 'Comedy', 'Drama', 'Family', 'Fantasy', 'Musical']",6+,1h 24min,3 April 1996 (Russia),,6.8
Тачки 3,"['Animation', 'Adventure', 'Comedy', 'Family', 'Sport']",6+,1h 42min,15 June 2017 (Russia),,6.7
Фердинанд,"['Animation', 'Adventure', 'Comedy', 'Family', 'Fantasy']",6+,1h 48min,21 December 2017 (Russia),,6.7
Монстры на каникулах 2,"['Animation', 'Comedy', 'Family', 'Fantasy']",6+,1h 29min,22 October 2015 (Russia),,6.7
Хороший динозавр,"['Animation', 'Adventure', 'Comedy', 'Drama', 'Family', 'Fantasy']",12+,1h 33min,26 November 2015 (Russia),66,6.7
Пингвины Мадагаскара,"['Animation', 'Adventure', 'Comedy', 'Family', 'Sci-Fi']",0+,1h 32min,27 November 2014 (Russia),,6.7
Пираты! Банда неудачников,"['Animation', 'Adventure', 'Comedy', 'Family']",0+,1h 28min,26 April 2012 (Russia),73,6.7
Эпик,"['Animation', 'Adventure', 'Family', 'Fantasy', 'Mystery', 'Thriller']",6+,1h 42min,30 May 2013 (Russia),,6.7
Лови волну,"['Animation', 'Comedy', 'Family', 'Sport']",0+,1h 25min,7 June 2007 (Russia),64,6.7
Лесная братва,"['Animation', 'Adventure', 'Comedy', 'Family', 'Fantasy']",12+,1h 23min,26 May 2006 (Russia),67,6.7
Синдбад: Легенда семи морей,"['Animation', 'Adventure', 'Family', 'Fantasy']",12+,1h 26min,21 August 2003 (Russia),,6.7
Джеймс и гигантский персик,"['Animation', 'Adventure', 'Family', 'Fantasy', 'Musical']",12+,1h 19min,4 June 2004 (Russia),78,6.7
Покахонтас,"['Animation', 'Adventure', 'Drama', 'Family', 'Musical', 'Romance']",12+,1h 21min,23 June 1995 (USA),,6.7
Оливер и компания,"['Animation', 'Adventure', 'Comedy', 'Family', 'Musical']",0+,1h 14min,18 November 1988 (USA),,6.7
Тяжелый метал,"['Animation', 'Adventure', 'Fantasy', 'Sci-Fi']",,1h 26min,7 August 1981 (Canada),,6.7
Смолфут,"['Animation', 'Adventure', 'Comedy', 'Family', 'Fantasy', 'Musical']",6+,1h 36min,25 October 2018 (Russia),,6.6
ЛЕГО Фильм 2,"['Animation', 'Action', 'Adventure', 'Comedy', 'Family', 'Fantasy', 'Musical']",6+,1h 47min,7 February 2019 (Russia),65,6.6
Дом,"['Animation', 'Adventure', 'Comedy', 'Family', 'Fantasy', 'Sci-Fi']",6+,1h 34min,19 March 2015 (Russia),,6.6
Ледниковый период 4: Континентальный дрейф,"['Animation', 'Adventure', 'Comedy', 'Family', 'Fantasy']",0+,1h 28min,28 June 2012 (Russia),,6.6
Мадагаскар 2,"['Animation', 'Adventure', 'Comedy', 'Family']",0+,1h 29min,30 October 2008 (Russia),61,6.6
Кот в Сапогах,"['Animation', 'Adventure', 'Comedy', 'Family', 'Fantasy', 'Mystery']",0+,1h 30min,27 October 2011 (Russia),65,6.6
Смывайся!,"['Animation', 'Adventure', 'Comedy', 'Family', 'Fantasy']",0+,1h 25min,2 November 2006 (Russia),74,6.6
Дом-монстр,"['Animation', 'Comedy', 'Family', 'Fantasy', 'Mystery']",12+,1h 31min,10 August 2006 (Russia),68,6.6
Полярный экспресс,"['Animation', 'Adventure', 'Comedy', 'Family', 'Fantasy', 'Musical']",6+,1h 40min,23 December 2004 (Russia),61,6.6
Титан: После гибели Земли,"['Animation', 'Action', 'Adventure', 'Family', 'Sci-Fi']",PG,1h 34min,24 August 2000 (Russia),,6.6
Тайная жизнь домашних животных 2,"['Animation', 'Adventure', 'Comedy', 'Family']",6+,1h 26min,30 May 2019 (Russia),,6.5
Тайная жизнь домашних животных,"['Animation', 'Adventure', 'Comedy', 'Family']",6+,1h 27min,18 August 2016 (Russia),61,6.5
Тролли,"['Animation', 'Adventure', 'Comedy', 'Family', 'Fantasy', 'Musical']",6+,1h 32min,27 October 2016 (Russia),,6.5
Обитель зла: Вырождение,"['Animation', 'Action', 'Horror', 'Sci-Fi', 'Thriller']",R,1h 37min,18 October 2008 (Japan),,6.5
Динозавр,"['Animation', 'Adventure', 'Family', 'Thriller']",12+,1h 22min,15 June 2000 (Russia),,6.5
Муравей Антц,"['Animation', 'Adventure', 'Comedy', 'Family']",PG,1h 23min,1 January 1999 (Russia),72,6.5
Долина папоротников: Последний тропический лес,"['Animation', 'Adventure', 'Family', 'Fantasy']",,1h 16min,20 June 1999 (Russia),67,6.5
Бэтмен: Убийственная шутка,"['Animation', 'Action', 'Crime', 'Drama', 'Thriller']",R,1h 16min,25 July 2016 (USA),,6.4
Миньоны,"['Animation', 'Adventure', 'Comedy', 'Family', 'Sci-Fi']",6+,1h 31min,9 July 2015 (Russia),,6.4
Облачно... 2: Месть ГМО,"['Animation', 'Adventure', 'Comedy', 'Family', 'Fantasy', 'Sci-Fi']",0+,1h 35min,24 October 2013 (Russia),,6.4
Турбо,"['Animation', 'Adventure', 'Comedy', 'Family', 'Sci-Fi', 'Sport']",6+,1h 36min,18 July 2013 (Russia),,6.4
Лоракс,"['Animation', 'Adventure', 'Comedy', 'Drama', 'Family', 'Fantasy', 'Musical']",0+,1h 26min,15 March 2012 (Russia),,6.4
Монстры против пришельцев,"['Animation', 'Action', 'Adventure', 'Comedy', 'Family', 'Sci-Fi', 'Thriller']",12+,1h 34min,19 March 2009 (Russia),,6.4
Сказания Земноморья,"['Animation', 'Adventure', 'Fantasy']",PG-13,1h 55min,29 July 2006 (Japan),,6.4
Правдивая история Красной Шапки,"['Animation', 'Comedy', 'Crime', 'Family', 'Musical', 'Mystery']",12+,1h 20min,2 March 2006 (Russia),,6.4
Делай ноги,"['Animation', 'Adventure', 'Comedy', 'Family', 'Music', 'Musical', 'Romance']",12+,1h 48min,21 December 2006 (Russia),77,6.4
Последняя фантазия,"['Animation', 'Action', 'Adventure', 'Fantasy', 'Romance', 'Sci-Fi']",12+,1h 46min,1 November 2001 (Russia),,6.4
Космический джем,"['Animation', 'Adventure', 'Comedy', 'Family', 'Fantasy', 'Sci-Fi', 'Sport']",6+,1h 28min,9 June 1999 (Russia),,6.4
Черный котел,"['Animation', 'Action', 'Adventure', 'Family', 'Fantasy']",12+,1h 20min,24 July 1985 (USA),,6.4
Монстры на каникулах 3: Море зовёт,"['Animation', 'Adventure', 'Comedy', 'Family', 'Fantasy']",6+,1h 37min,12 July 2018 (Russia),,6.3
Босс-молокосос,"['Animation', 'Adventure', 'Comedy', 'Family', 'Fantasy']",6+,1h 37min,23 March 2017 (Russia),,6.3
Гадкий я 3,"['Animation', 'Adventure', 'Comedy', 'Family', 'Fantasy', 'Sci-Fi']",6+,1h 29min,29 June 2017 (Russia),,6.3
Гринч,"['Animation', 'Comedy', 'Family', 'Fantasy']",6+,1h 25min,13 December 2018 (Russia),,6.3
Рио 2,"['Animation', 'Adventure', 'Comedy', 'Family', 'Musical']",0+,1h 41min,20 March 2014 (Russia),,6.3
Angry Birds в кино,"['Animation', 'Action', 'Adventure', 'Comedy', 'Family']",6+,1h 37min,12 May 2016 (Russia),,6.3
Шрэк навсегда,"['Animation', 'Adventure', 'Comedy', 'Family', 'Fantasy', 'Romance']",6+,1h 33min,20 May 2010 (Russia),,6.3
Астробой,"['Animation', 'Action', 'Comedy', 'Family', 'Sci-Fi']",12+,1h 34min,22 October 2009 (Russia),,6.3
Роботы,"['Animation', 'Adventure', 'Comedy', 'Family', 'Sci-Fi']",6+,1h 31min,17 March 2005 (Russia),64,6.3
Покемон: Мьюту против Мью,"['Animation', 'Action', 'Adventure', 'Family', 'Fantasy', 'Sci-Fi', 'Sport']",0+,1h 36min,18 July 1998 (Japan),,6.3
Осмосис Джонс,"['Animation', 'Action', 'Adventure', 'Comedy', 'Crime', 'Family', 'Fantasy', 'Sci-Fi']",PG,1h 35min,31 December 2002 (Russia),,6.3
Черепaшки-ниндзя,"['Animation', 'Action', 'Adventure', 'Comedy', 'Family', 'Fantasy', 'Sci-Fi']",PG,1h 27min,22 March 2007 (Russia),,6.2
Беовульф,"['Animation', 'Action', 'Adventure', 'Fantasy']",PG-13,1h 55min,22 November 2007 (Russia),,6.2
Bлaстелин колец,"['Animation', 'Adventure', 'Fantasy']",,2h 12min,15 November 1978 (USA),,6.2
Полный расколбас,"['Animation', 'Adventure', 'Comedy', 'Fantasy']",18+,1h 29min,8 September 2016 (Russia),66,6.1
Тачки 2,"['Animation', 'Adventure', 'Comedy', 'Family', 'Sport']",6+,1h 46min,23 June 2011 (Russia),,6.1
Приключения Десперо,"['Animation', 'Adventure', 'Comedy', 'Family', 'Fantasy']",0+,1h 33min,25 December 2008 (Russia),,6.1
Шрэк Третий,"['Animation', 'Adventure', 'Comedy', 'Family', 'Fantasy']",6+,1h 33min,17 May 2007 (Russia),,6.1
Сезон охоты,"['Animation', 'Adventure', 'Comedy', 'Family', 'Fantasy']",12+,1h 26min,26 October 2006 (Russia),,6.1
Би Муви: Медовый заговор,"['Animation', 'Adventure', 'Comedy', 'Family']",PG,1h 31min,1 November 2007 (Russia),,6.1
Губка Боб в 3D,"['Animation', 'Action', 'Adventure', 'Comedy', 'Family', 'Fantasy', 'Sci-Fi']",6+,1h 32min,12 February 2015 (Russia),62,6.0
Планета 51,"['Animation', 'Adventure', 'Comedy', 'Family', 'Sci-Fi']",12+,1h 31min,19 November 2009 (Russia),,6.0
